[{"categories":null,"content":"  patricia.menendez@monash.edu Google Scholar \n ","keywords":null,"title":"Patricia Menéndez","uri":"/"},{"categories":null,"content":"  patricia.menendez@monash.edu Google Scholar \n ","keywords":null,"title":"Patricia Menéndez","uri":"/maths_stats/"},{"categories":null,"content":"Have you ever thought where maths and stats can take you? The short answer is anywhere and everywhere including Antartica!\nMy journey and why “Where maths and stats can take you?!” I was always convinced that I wanted to be a neuro surgeon until I discovered maths. We didn’t fall in love at first sight though … I recalled the maths lessons during primary school to be very boring and not that inspiring focusing on mechanical calculations that needed to be memorized … not very creative really, which in a way it is the antithesis of what maths trully is!","keywords":null,"title":"Where maths and stats can take you?!","uri":"/maths_stats/maths_stats/"},{"categories":null,"content":"Diversity and inclusion are at the core of most of the successful teams. However, we still have a long way to go for that to be a norm instead of an exception.\n","keywords":null,"title":"Diversity and Inclusion","uri":"/posts/equity_and_diversity/"},{"categories":null,"content":"  patricia.menendez@monash.edu Google Scholar \n ","keywords":null,"title":"Patricia Menéndez","uri":"/posts/"},{"categories":null,"content":"I have had the priviledge to be selected together with another 95 women to take part in the Homeward Bound program. Homeward bound is a groundbreaking leadership program for women with a background in STEMM (Science, Technology, Engineering, Mathematics, and Medicine).\n","keywords":null,"title":"Homeward Bound","uri":"/hb/hb/"},{"categories":null,"content":"  patricia.menendez@monash.edu Google Scholar \n ","keywords":null,"title":"Patricia Menéndez","uri":"/hb/"},{"categories":null,"content":"","keywords":null,"title":"Categories","uri":"/categories/"},{"categories":null,"content":"","keywords":null,"title":"Search","uri":"/search/"},{"categories":null,"content":"","keywords":null,"title":"Tags","uri":"/tags/"}]